Model,MAE,RMSE
ARIMA,95.69244148047764,118.1483572300457
Exponential Smoothing,163.15110679120124,209.13215972265175
Linear Trend,164.63264550955248,187.48889156692343
